City,Lat,Lng,Max Temp (C),Humidity (%),Cloudiness (%),Wind Speed (mph),Country,Date
Clyde River,70.4692,-68.5914,-0.87,86,40,7.72,CA,1622047223
Lebu,-37.6167,-73.65,15.92,81,98,3.63,CL,1622047165
Busselton,-33.65,115.3333,11.69,64,100,5.46,AU,1622047242
Rikitea,-23.1203,-134.9692,24.84,79,38,11.23,PF,1622047221
Alofi,-19.0595,-169.9187,23.94,94,88,1.54,NU,1622047344
Cuamba,-14.8031,36.5372,19.6,62,62,2.37,MZ,1622047821
Kapaa,22.0752,-159.319,21.18,88,1,3.3,US,1622047223
Ushuaia,-54.8,-68.3,-1.19,100,75,10.29,AR,1622046978
Punta Arenas,-53.15,-70.9167,2.96,70,20,8.45,CL,1622047821
Hobart,-42.8794,147.3294,7.58,87,75,4.2,AU,1622047693
Oodweyne,9.4092,45.064,24.82,48,98,8.85,SO,1622047822
Cape Town,-33.9258,18.4232,15.07,74,0,1.08,ZA,1622047711
Saint-Augustin,51.226,-58.6502,8.81,56,90,4.99,CA,1622047822
Norman Wells,65.282,-126.8329,8.02,66,75,4.63,CA,1622047823
Sassandra,4.95,-6.0833,28.94,70,93,4.11,CI,1622047823
Thompson,55.7435,-97.8558,-2.91,63,90,5.14,CA,1622047173
Barrow,71.2906,-156.7887,-1.99,93,90,6.69,US,1622047226
Malé,4.1748,73.5089,25.97,94,75,9.77,MV,1622047824
Severo-Kuril'sk,50.6789,156.125,3.34,98,100,6.86,RU,1622047191
Hakkâri Province,37.5833,44.1667,13.36,54,38,1.64,TR,1622047824
Avera,33.194,-82.5271,31.87,38,42,2.75,US,1622047246
Shelopugino,51.6514,117.5599,3.33,73,58,0.76,RU,1622047825
Mataura,-46.1927,168.8643,0.8,85,36,1.46,NZ,1622047825
Quime,-16.9833,-67.2167,16.09,47,19,3.83,BO,1622047825
Pemba,-12.974,40.5178,25.68,73,20,4.47,MZ,1622047825
Albany,42.6001,-73.9662,29.26,54,41,1.34,US,1622047656
Ribeira Grande,38.5167,-28.7,20.22,56,20,2.06,PT,1622047257
Dali,25.7,100.1833,18.13,87,51,2.3,CN,1622047264
Calgary,51.0501,-114.0853,8.4,90,90,3.13,CA,1622047767
George Town,5.4112,100.3354,28.84,81,40,2.06,MY,1622047017
Atuona,-9.8,-139.0333,26.05,73,33,5.31,PF,1622047826
Ponta Delgada,37.7333,-25.6667,18.4,82,40,7.2,PT,1622047380
Udaipura,23.0833,78.5,36.05,19,99,3.92,IN,1622047640
Coyhaique,-45.5752,-72.0662,10.96,62,75,3.09,CL,1622047827
Ketchikan,55.3422,-131.6461,8.26,81,90,1.54,US,1622047827
Yulara,-25.2406,130.9889,8.91,61,38,3.6,AU,1622047261
Sakakah,29.9697,40.2064,36.76,11,0,3.32,SA,1622047344
Pisco,-13.7,-76.2167,18.03,94,90,2.06,PE,1622047342
Port Alfred,-33.5906,26.891,16.53,74,94,1.97,ZA,1622047241
Vaini,-21.2,-175.2,18.09,100,20,0.0,TO,1622047828
Vila Franca do Campo,37.7167,-25.4333,18.23,93,100,3.89,PT,1622047282
Broome,42.2506,-75.833,28.88,55,1,1.34,US,1622047245
Saint Paul Harbor,57.79,-152.4072,10.73,54,1,7.72,US,1622047315
Ajdabiya,30.7554,20.2263,25.9,46,2,7.74,LY,1622047350
Santa Cruz de la Sierra,-17.8,-63.1667,25.03,61,75,2.57,BO,1622047221
Nioaque,-21.1353,-55.83,32.3,34,5,2.28,BR,1622047829
Hermanus,-34.4187,19.2345,13.22,83,90,1.3,ZA,1622047829
Wanaka,-44.7,169.15,2.98,62,9,2.27,NZ,1622047830
Esim,4.8699,-2.2405,28.55,73,83,4.03,GH,1622047830
Yellowknife,62.456,-114.3525,7.11,39,40,2.24,CA,1622047148
Vila Velha,-20.3297,-40.2925,26.5,71,40,3.13,BR,1622047210
Jamestown,42.097,-79.2353,24.82,64,75,6.71,US,1622047039
New Norfolk,-42.7826,147.0587,7.38,78,98,0.45,AU,1622047307
Lavrentiya,65.5833,-171.0,1.05,73,24,5.34,RU,1622047159
Salalah,17.0151,54.0924,29.05,74,20,3.6,OM,1622047319
Laas,46.6166,10.7002,17.6,88,96,1.0,IT,1622047275
Parkes,-33.1333,148.1833,6.31,85,11,2.27,AU,1622047831
Terenos,-20.4422,-54.8603,30.84,45,0,2.53,BR,1622047832
Deep River,46.1001,-77.4995,21.15,78,100,5.78,CA,1622047832
Vardø,70.3705,31.1107,3.99,65,75,2.06,NO,1622047274
Ahipara,-35.1667,173.1667,10.87,77,12,2.52,NZ,1622047311
Cherskiy,68.75,161.3,10.74,47,27,1.5,RU,1622047320
Miran Shah,33.0086,70.0697,29.48,30,0,1.18,PK,1622047833
Upernavik,72.7868,-56.1549,0.44,86,64,4.33,GL,1622047233
Puerto Ayora,-0.7393,-90.3518,24.75,88,28,1.79,EC,1622047246
Maniitsoq,65.4167,-52.9,5.2,83,100,4.58,GL,1622047833
Port Elizabeth,-33.918,25.5701,16.16,77,0,1.54,ZA,1622047834
Abu Kamal,34.4506,40.9171,33.32,13,0,3.06,SY,1622047834
Butaritari,3.0707,172.7902,28.52,78,100,8.9,KI,1622047834
Viişoara,46.55,23.9167,20.1,60,75,2.06,RO,1622047835
Berdigestyakh,62.0989,126.6992,9.03,68,100,1.33,RU,1622047835
Būgai,55.4167,22.6167,11.33,85,89,4.52,LT,1622047835
Lompoc,34.6391,-120.4579,11.99,84,90,3.09,US,1622047347
Thinadhoo,0.5333,72.9333,29.22,69,89,9.1,MV,1622047341
Bluff,-46.6,168.3333,4.78,84,56,4.65,NZ,1622047252
Bredasdorp,-34.5322,20.0403,14.62,77,90,0.46,ZA,1622047254
Saint-Philippe,-21.3585,55.7679,22.3,83,53,1.59,RE,1622047238
Tarakan,3.3,117.6333,28.09,72,38,1.33,ID,1622047836
Guilin,25.2819,110.2864,26.06,97,88,0.63,CN,1622047784
Labuhan,-6.8844,112.2051,26.6,83,30,4.31,ID,1622047351
São Raimundo das Mangabeiras,-7.0219,-45.4811,33.83,28,1,3.07,BR,1622047304
Kibala,9.1104,18.3463,25.97,73,75,7.2,TD,1622047837
Airai,-8.9266,125.4092,13.66,91,85,1.83,TL,1622047280
Caravelas,-17.7125,-39.2481,24.55,88,87,3.01,BR,1622047837
Ziro,27.6333,93.8333,14.38,98,97,0.97,IN,1622047838
Nakamura,32.9833,132.9333,14.96,97,100,3.64,JP,1622047838
Abhā,18.2164,42.5053,23.14,60,0,1.97,SA,1622047373
Rauma,61.1272,21.5113,9.02,89,100,11.39,FI,1622047838
Aklavik,68.2191,-135.0107,-1.0,80,90,6.69,CA,1622047245
San Cristobal,7.7669,-72.225,26.1,37,25,4.67,VE,1622047776
Lata,40.1629,-8.3327,17.6,47,75,3.68,PT,1622047359
East London,-33.0153,27.9116,17.52,88,0,2.06,ZA,1622047182
Petropavlovsk-Kamchatskiy,53.0452,158.6483,3.33,100,90,3.1,RU,1622047206
Christchurch,-43.5333,172.6333,5.99,92,65,4.12,NZ,1622047835
Maceió,-9.6658,-35.7353,29.69,58,75,5.15,BR,1622047661
Alamosa,37.4695,-105.87,14.02,30,1,1.54,US,1622047347
Dikson,73.5069,80.5464,-2.75,96,100,6.19,RU,1622047840
Lorengau,-2.0226,147.2712,26.77,85,100,1.89,PG,1622047323
Bubaque,11.2833,-15.8333,26.07,74,98,5.37,GW,1622047345
Tiksi,71.6872,128.8694,-0.19,98,85,0.78,RU,1622047075
Borgarnes,64.5383,-21.9206,12.47,68,92,1.98,IS,1622047360
Poum,-20.2333,164.0167,22.0,60,38,5.17,NC,1622047840
Bethal,-26.4579,29.4655,12.53,28,0,1.67,ZA,1622047841
Silver City,32.7701,-108.2803,25.18,8,1,3.13,US,1622047637
Richards Bay,-28.783,32.0377,18.99,88,5,1.54,ZA,1622047246
Santa Fe,-31.6333,-60.7,22.22,41,0,1.79,AR,1622047574
Adeje,28.1227,-16.726,20.38,61,40,3.13,ES,1622047842
Port Macquarie,-31.4333,152.9167,13.27,64,3,7.05,AU,1622047133
Banda Aceh,5.5577,95.3222,26.81,79,100,2.11,ID,1622047842
Tuktoyaktuk,69.4541,-133.0374,-3.0,93,90,2.06,CA,1622047307
Hambantota,6.1241,81.1185,27.32,78,93,9.79,LK,1622047842
Bambous Virieux,-20.3428,57.7575,23.14,94,75,2.9,MU,1622047267
Provideniya,64.3833,-173.3,6.42,47,69,7.3,RU,1622047843
Dingle,10.9995,122.6711,25.72,87,80,1.61,PH,1622047347
Turukhansk,65.8167,87.9833,-1.88,82,36,3.16,RU,1622047356
Sayansk,54.1088,102.1648,2.65,76,7,2.22,RU,1622047740
Port Lincoln,-34.7333,135.8667,13.68,73,22,3.11,AU,1622047283
Ostrovnoy,68.0531,39.5131,2.73,65,20,1.45,RU,1622047844
Chui,-33.6971,-53.4616,16.14,50,36,4.27,UY,1622047844
Salinópolis,-0.6136,-47.3561,29.26,72,35,4.87,BR,1622047844
Wau,7.7029,27.9953,30.63,38,97,2.04,SS,1622047845
Asău,46.4333,26.4,15.53,80,88,1.17,RO,1622047845
Dédougou,12.4667,-3.4667,38.64,22,55,3.38,BF,1622047845
Mar del Plata,-38.0023,-57.5575,15.91,59,0,7.6,AR,1622047755
Qaanaaq,77.484,-69.3632,1.75,73,5,1.88,GL,1622047329
Mangan,27.5167,88.5333,23.35,95,97,0.97,IN,1622047846
Hilo,19.7297,-155.09,22.03,80,90,2.57,US,1622047846
Husavik,66.0449,-17.3389,13.95,62,11,1.17,IS,1622047847
Coquimbo,-29.9533,-71.3436,14.85,82,0,2.0,CL,1622047315
Micheweni,-4.9667,39.8333,25.39,79,55,6.89,TZ,1622047847
Hithadhoo,-0.6,73.0833,28.68,73,94,8.82,MV,1622047160
Hamilton,39.1834,-84.5333,21.23,87,90,0.89,US,1622047687
Katsuura,35.1333,140.3,18.15,83,100,2.7,JP,1622047266
Portland,45.5234,-122.6762,14.62,70,75,0.89,US,1622047113
Vila do Maio,15.1333,-23.2167,28.44,81,1,6.33,CV,1622047848
Castro,-24.7911,-50.0119,18.26,48,96,1.27,BR,1622047848
Najrān,17.4924,44.1277,33.36,12,13,2.82,SA,1622047336
Bonavista,48.6499,-53.1147,9.0,88,97,4.36,CA,1622047849
Egvekinot,66.3167,-179.1667,-0.14,59,80,5.95,RU,1622047376
Hualmay,-11.0964,-77.6139,21.64,73,35,3.94,PE,1622047849
Abu Samrah,35.3029,37.1841,28.43,22,0,5.44,SY,1622047849
Kavieng,-2.5744,150.7967,26.87,84,100,3.69,PG,1622047353
Narsaq,60.9167,-46.05,1.12,97,100,2.06,GL,1622047158
Karratha,-20.7377,116.8463,23.0,52,69,8.31,AU,1622047264
Isangel,-19.55,169.2667,21.31,77,16,2.91,VU,1622047850
Lüderitz,-26.6481,15.1594,17.69,73,4,3.15,NA,1622047850
Opatija,45.3392,14.3083,22.88,68,13,0.22,HR,1622047851
Estelle,29.8458,-90.1067,28.93,59,75,1.54,US,1622047623
Pitimbu,-7.4706,-34.8086,30.33,65,16,7.19,BR,1622047851
Leningradskiy,69.3833,178.4167,-2.33,91,31,3.23,RU,1622047289
Cururupu,-1.8283,-44.8683,32.16,50,23,3.35,BR,1622047852
Nadym,65.5333,72.5167,4.77,86,100,7.77,RU,1622047852
Saldanha,-33.0117,17.9442,16.03,80,89,2.91,ZA,1622047852
Arraial do Cabo,-22.9661,-42.0278,23.92,69,40,4.12,BR,1622047287
Novopavlovka,51.2172,109.2091,3.19,97,92,1.28,RU,1622047853
Zvishavane,-20.3267,30.0665,15.1,30,3,1.28,ZW,1622047853
Lang Son,21.8333,106.7333,24.0,92,27,0.95,VN,1622047603
Shingū,33.7333,135.9833,17.17,94,100,2.52,JP,1622047854
Beringovskiy,63.05,179.3167,-0.37,88,66,4.95,RU,1622047060
Bykovo,55.6361,38.0803,21.63,43,0,3.63,RU,1622047854
Sept-Îles,50.2001,-66.3821,7.85,95,90,4.92,CA,1622047348
Los Algarrobos,8.5,-82.4333,30.23,66,40,2.54,PA,1622047855
Anadyr,64.75,177.4833,9.28,34,0,3.56,RU,1622047855
Sørland,67.667,12.6934,6.92,81,2,10.2,NO,1622047354
Longyearbyen,78.2186,15.6401,1.91,69,75,3.6,SJ,1622047300
Batagay-Alyta,67.8006,130.4114,5.66,71,79,1.89,RU,1622047856
Tasiilaq,65.6145,-37.6368,2.82,96,100,16.71,GL,1622047856
Pacific Grove,36.6177,-121.9166,11.66,87,90,2.24,US,1622047198
Camacha,33.0833,-16.3333,17.68,63,75,6.69,PT,1622047351
Ola,59.5833,151.2833,3.87,87,100,2.67,RU,1622047857
Nikolskoye,59.7035,30.7861,11.79,89,82,3.95,RU,1622047857
Chokurdakh,70.6333,147.9167,-0.46,81,35,3.79,RU,1622047259
Katobu,-4.9408,122.5276,24.22,95,93,2.14,ID,1622047858
Ilulissat,69.2167,-51.1,7.01,61,75,3.09,GL,1622047348
Pangody,65.85,74.4859,6.53,52,100,4.56,RU,1622047858
Mahébourg,-20.4081,57.7,23.16,94,75,0.0,MU,1622047277
Emerald,-23.5333,148.1667,15.08,67,18,0.0,AU,1622047294
Codrington,-38.2667,141.9667,11.56,84,37,6.26,AU,1622047327
Griffith,41.5284,-87.4237,24.74,62,98,1.79,US,1622047727
Seoul,37.5683,126.9778,16.52,58,0,4.42,KR,1622047859
Bethel,41.3712,-73.414,27.66,63,1,0.89,US,1622047859
Cidreira,-30.1811,-50.2056,19.08,48,0,2.69,BR,1622047859
Terrace,54.5163,-128.6035,6.95,100,90,2.06,CA,1622047860
Nanortalik,60.1432,-45.2371,1.34,96,100,3.98,GL,1622047192
Kaitangata,-46.2817,169.8464,-0.04,80,11,1.9,NZ,1622047860
La Santisima Trinidad,-14.8333,-64.9,28.99,58,11,0.0,BO,1622047860
Berbera,10.4396,45.0143,31.58,61,94,4.03,SO,1622047861
Naze,28.3667,129.4833,24.35,89,30,8.67,JP,1622047281
Bandarbeyla,9.4942,50.8122,26.56,80,42,12.42,SO,1622047375
Saskylakh,71.9167,114.0833,6.3,84,100,1.62,RU,1622047861
Tuatapere,-46.1333,167.6833,5.14,89,63,3.31,NZ,1622047279
Quang Ngai,15.1167,108.8,25.4,88,56,2.03,VN,1622047367
San Borja,-14.8167,-66.85,29.07,52,59,1.55,BO,1622047862
Gornopravdinsk,60.05,69.9,8.1,90,89,10.62,RU,1622047295
Acapulco de Juárez,16.8634,-99.8901,32.9,40,75,2.68,MX,1622047741
Miracema do Tocantins,-9.5618,-48.3967,33.91,26,1,2.0,BR,1622047863
Socorro,31.6546,-106.3033,29.06,13,100,3.5,US,1622047863
Valparaíso,-33.0393,-71.6273,23.34,29,0,5.14,CL,1622047647
Nouadhibou,20.931,-17.0347,22.99,60,1,9.26,MR,1622047337
Manado,1.487,124.8455,24.43,94,40,1.44,ID,1622047864
Andenes,69.3143,16.1194,6.99,70,20,10.8,NO,1622047335
Necochea,-38.5473,-58.7368,19.46,54,100,8.72,AR,1622047864
Torbay,47.6666,-52.7314,9.53,88,90,3.09,CA,1622047865
Dukat,62.55,155.55,-2.33,94,100,1.94,RU,1622047865
Aksu,41.1231,80.2644,24.15,15,100,3.02,CN,1622047865
Port-Gentil,-0.7193,8.7815,27.98,83,75,5.14,GA,1622047229
Boysun,38.2061,67.1986,21.79,28,65,1.71,UZ,1622047866
Talara,-4.5772,-81.2719,25.42,65,0,6.69,PE,1622047866
Avarua,-21.2078,-159.775,26.03,89,20,2.06,CK,1622047867
Dwārka,22.2394,68.9678,28.87,84,62,8.18,IN,1622047867
Ponta do Sol,32.6667,-17.1,21.12,70,90,1.63,PT,1622047867
Carbonia,39.1672,8.5222,21.4,38,81,3.36,IT,1622047868
Carnarvon,-24.8667,113.6333,16.04,63,100,5.14,AU,1622047868
Mariehamn,60.0973,19.9348,7.92,93,90,8.75,AX,1622047868
Kaeo,-35.1,173.7833,7.96,91,27,2.73,NZ,1622047300
Maricá,-22.9194,-42.8186,24.35,68,16,4.14,BR,1622047869
Acarí,-15.4311,-74.6158,24.7,56,76,3.73,PE,1622047869
Vyartsilya,62.1764,30.693,7.4,70,100,6.53,RU,1622047869
Kathu,7.9178,98.3332,27.44,86,100,1.86,TH,1622047870
Saint Anthony,45.0205,-93.218,12.94,60,40,1.79,US,1622047163
Faya,18.3851,42.4509,23.29,48,46,2.26,SA,1622047250
Kalmar,56.6616,16.3616,13.65,65,20,5.66,SE,1622047383
Baoqing,46.3317,132.2111,8.32,82,47,2.23,CN,1622047870
Dunedin,-45.8742,170.5036,7.11,47,3,4.47,NZ,1622047871
Soyo,-6.1349,12.3689,28.03,79,10,4.72,AO,1622047871
Kemijärvi,66.7131,27.4306,7.08,59,91,2.86,FI,1622047872
Pevek,69.7008,170.3133,-4.06,87,15,0.84,RU,1622047189
Bathsheba,13.2167,-59.5167,31.34,51,40,7.12,BB,1622047330
Kudahuvadhoo,2.6708,72.8944,28.83,74,97,9.53,MV,1622047297
Brandon,27.9378,-82.2859,30.58,55,75,0.45,US,1622047873
Mackenzie,55.2999,-123.1698,9.12,81,40,2.06,CA,1622047873
Bakchar,57.0186,82.0711,13.13,93,92,4.51,RU,1622047873
Ambanja,-13.6833,48.45,22.32,86,1,1.2,MG,1622047873
Călineşti,44.8167,25.05,18.19,88,100,4.66,RO,1622047874
Qasigiannguit,68.8193,-51.1922,8.91,59,99,2.78,GL,1622047874
Plettenberg Bay,-34.0527,23.3716,14.6,75,70,1.29,ZA,1622047874
Australind,-33.2667,115.7167,12.65,59,100,3.24,AU,1622047875
Samfya,-11.3649,29.5565,16.72,48,0,0.39,ZM,1622047875
Konosha,60.9736,40.257,6.89,64,70,3.27,RU,1622047875
Flinders,-34.5833,150.8552,10.64,70,1,0.45,AU,1622047260
Mahon,39.8885,4.2658,19.31,55,0,5.14,ES,1622047876
Fortuna,40.5982,-124.1573,10.2,95,90,3.09,US,1622047876
Ust-Nera,64.5667,143.2,4.72,77,83,2.32,RU,1622047877
Roxana,10.2753,-83.7513,30.8,96,100,0.45,CR,1622047877
Takoradze,4.8845,-1.7554,28.87,73,50,5.39,GH,1622047281
Waingapu,-9.6567,120.2641,25.42,88,32,4.81,ID,1622047348
Ontario,34.0633,-117.6509,22.59,52,75,0.45,US,1622047877
Ganzhou,28.8184,115.4327,21.02,94,100,1.28,CN,1622047878
Sur,22.5667,59.5289,34.19,42,6,4.54,OM,1622047878
Sinnamary,5.3833,-52.95,28.49,75,87,4.06,GF,1622047303
L'govskiy,51.6307,35.2775,17.83,83,36,2.84,RU,1622047879
Alexandria,31.2156,29.9553,24.98,65,0,5.66,EG,1622047807
Bāfq,31.6128,55.4107,27.84,20,0,8.56,IR,1622047355
Atar,20.5169,-13.0499,39.86,9,1,4.74,MR,1622047293
Beian,63.6559,9.5683,15.95,59,0,6.17,NO,1622047879
Chapais,49.7834,-74.8492,20.88,72,100,7.86,CA,1622047664
Mācherla,16.4833,79.4333,35.59,28,97,6.17,IN,1622047880
Quatre Cocos,-20.2078,57.7625,22.83,85,22,3.12,MU,1622047880
Struer Municipality,56.4912,8.5838,10.4,89,100,9.91,DK,1622047880
Bobrovka,54.047,61.7455,16.83,43,6,4.27,RU,1622047881
Denpasar,-8.65,115.2167,26.81,94,20,3.41,ID,1622047813
Nālūt,30.3333,10.85,36.14,9,2,6.97,LY,1622047384
Vestmannaeyjar,63.4427,-20.2734,7.55,93,90,12.86,IS,1622047881
São João da Barra,-21.6403,-41.0511,26.05,72,40,5.3,BR,1622047291
Vanavara,60.34,102.2797,-0.71,69,74,1.8,RU,1622047882
Junín,-34.5838,-60.9433,20.55,44,6,5.84,AR,1622047882
Hasaki,35.7333,140.8333,17.82,79,100,3.96,JP,1622047152
Bridgeton,39.4273,-75.2341,28.92,70,40,1.34,US,1622047882
Kunming,25.0389,102.7183,14.96,88,75,6.0,CN,1622047853
Barabai,-2.5833,115.3833,24.15,92,100,0.83,ID,1622047883
Lagoa,39.05,-27.9833,15.08,66,89,8.38,PT,1622047321
Krasnosel'kup,65.7,82.4667,-0.33,74,99,4.5,RU,1622047343
San Jose,37.3394,-121.895,18.2,59,40,0.0,US,1622047627
Port Hardy,50.6996,-127.4199,9.1,76,90,3.09,CA,1622047884
Reserva,-24.6503,-50.8506,19.36,44,88,0.87,BR,1622047884
Juneau,58.3019,-134.4197,6.44,91,90,1.79,US,1622047884
Arrondissement de Saint-Denis,48.9167,2.3333,14.51,63,90,0.89,FR,1622047885
Kyzyl-Suu,42.3414,78.0056,13.69,57,90,1.49,KG,1622047885
Togul,53.465,85.9128,16.03,87,1,2.95,RU,1622047885
Westport,41.1415,-73.3579,26.16,78,20,1.79,US,1622047316
Terney,45.0503,136.6092,7.27,90,95,2.19,RU,1622047886
Mnogovershinnyy,53.9353,139.9242,-0.47,90,94,1.3,RU,1622047886
Wasilla,61.5814,-149.4394,12.76,54,1,1.54,US,1622047886
Montmagny,48.9734,2.3469,14.54,64,90,0.89,FR,1622047887
Kashan,33.9831,51.4364,25.65,31,31,2.16,IR,1622047887
Port Moresby,-9.4431,147.1797,20.68,94,40,1.54,PG,1622047887
Omsukchan,62.5333,155.8,-1.19,93,100,2.28,RU,1622047370
Ust'-Koksa,50.2696,85.6108,15.32,62,2,0.32,RU,1622047888
La Romana,18.4273,-68.9728,31.2,55,40,6.17,DO,1622047289
Yatou,37.15,122.3833,14.74,95,84,7.73,CN,1622047888
Kruisfontein,-34.0033,24.7314,14.94,84,81,1.05,ZA,1622047640
Salmās,38.1973,44.7653,21.55,58,67,1.6,IR,1622047629
Tongliao,43.6125,122.2653,11.03,60,6,3.57,CN,1622047889
Srednekolymsk,67.45,153.6833,7.63,69,100,5.82,RU,1622047889
Neryungri,56.6709,124.6491,-2.28,98,99,1.06,RU,1622047889
Cap Malheureux,-19.9842,57.6142,23.04,79,2,0.89,MU,1622047890
Port Huron,42.9709,-82.4249,19.21,87,90,2.24,US,1622047890
Lukaya,-0.1489,31.8748,24.03,82,68,2.83,UG,1622047890
Serebryanyy Bor,56.8,124.8,-1.56,98,100,1.0,RU,1622047891
Sola,-13.8833,167.55,24.63,63,35,7.32,VU,1622047891
Quezon,7.7303,125.0989,23.26,95,99,0.33,PH,1622047891
Bonnyville,54.2668,-110.735,9.12,52,94,5.73,CA,1622047892
Loikaw,19.6742,97.2094,20.8,91,71,0.95,MM,1622047892
Ust-Maya,60.4167,134.5333,6.57,98,100,0.13,RU,1622047892
Olinda,-8.0089,-34.8553,27.85,61,40,6.27,BR,1622047893
Touros,-5.1989,-35.4608,30.5,64,43,8.05,BR,1622047893
Geraldton,-28.7667,114.6,14.23,47,100,6.95,AU,1622047323
Fukuechō,32.6881,128.8419,16.68,95,100,13.41,JP,1622047893
Salamanca,40.8333,-6.0,20.19,31,25,4.44,ES,1622047346
Jinchang,38.4953,102.1739,18.49,16,0,2.65,CN,1622047894
Lancaster,40.2504,-76.2499,28.75,66,1,0.89,US,1622047894
Elizabeth City,36.2946,-76.2511,30.74,58,1,2.24,US,1622047895
Lethem,3.3803,-59.7968,26.81,82,100,2.57,GY,1622047895
Rome,43.2128,-75.4557,29.18,49,75,4.12,US,1622047804
Goderich,43.7501,-81.7165,17.27,88,100,7.2,CA,1622047383
Millinocket,45.6573,-68.7098,30.26,48,1,3.09,US,1622047896
Northam,51.0333,-4.2167,13.78,81,18,3.91,GB,1622047346
Tezu,27.9167,96.1667,25.01,97,99,1.49,IN,1622047896
Porto Walter,-8.2686,-72.7439,32.16,49,68,0.81,BR,1622047896
Namatanai,-3.6667,152.4333,24.94,93,100,4.0,PG,1622047897
Aripuanã,-9.1667,-60.6333,34.09,37,7,1.64,BR,1622047897
Goundi,9.3627,17.366,33.75,35,63,2.72,TD,1622047897
Marystown,47.1666,-55.1483,8.9,93,100,3.13,CA,1622047898
Yuli,9.6989,10.2744,35.96,30,32,3.78,NG,1622047898
Pangnirtung,66.1451,-65.7125,-1.0,86,20,5.14,CA,1622047898
Nhulunbuy,-12.2333,136.7667,24.34,69,40,5.14,AU,1622047350
Tual,-5.6667,132.75,27.54,78,99,10.59,ID,1622047141
Tegul'det,57.3064,88.1667,8.75,48,76,2.46,RU,1622047899
Calvinia,-31.4707,19.776,15.62,45,49,0.57,ZA,1622047899
Jackson,42.4165,-122.8345,14.18,57,1,1.54,US,1622047697
Gweta,-20.1833,25.2333,19.13,29,21,3.4,BW,1622047900
Bambanglipuro,-7.95,110.2833,25.45,84,72,2.62,ID,1622047345
Dakar,14.6937,-17.4441,26.07,69,6,6.17,SN,1622047442
Ladispoli,41.9537,12.0735,22.19,52,16,3.32,IT,1622047901
Jiuquan,39.7432,98.5174,21.44,16,0,5.17,CN,1622047901
Muros,42.7762,-9.0603,22.54,47,64,5.79,ES,1622047901
Esperance,-33.8667,121.9,11.91,67,96,6.75,AU,1622047902
Iqaluit,63.7506,-68.5145,-1.28,74,90,1.79,CA,1622047902
Jinji,23.2281,110.8261,26.11,86,43,1.58,CN,1622047902
Coahuayana Viejo,18.7333,-103.6833,31.85,47,90,2.86,MX,1622047345
Cayenne,4.9333,-52.3333,29.49,82,40,2.24,GF,1622047361
Vaitape,-16.5167,-151.75,27.34,75,51,6.49,PF,1622047328
Mildura,-34.2,142.15,5.98,93,4,1.54,AU,1622047354
Adjumani,3.3779,31.7909,22.01,79,76,2.18,UG,1622047903
Nsawam,5.8089,-0.3503,31.03,60,44,6.62,GH,1622047904
Talnakh,69.4865,88.3972,-8.98,96,30,2.11,RU,1622047334
San Blas,21.5167,-105.2667,30.2,42,35,2.51,MX,1622047904
Klaksvík,62.2266,-6.589,10.51,76,83,8.29,FO,1622047357
College,64.8569,-147.8028,8.86,61,75,2.06,US,1622047320
São Filipe,14.8961,-24.4956,24.5,70,1,3.29,CV,1622047362
Santa Cruz del Norte,23.1539,-81.9236,30.34,64,32,7.66,CU,1622047905
Bengkulu,-3.8004,102.2655,25.61,84,100,2.07,ID,1622047905
Gongzhuling,43.5008,124.8198,9.07,80,37,2.52,CN,1622047905
Mstera,56.3789,41.92,15.23,72,94,2.71,RU,1622047906
Guerrero Negro,27.9769,-114.0611,20.87,55,98,4.72,MX,1622047906
Nelson Bay,-32.7167,152.15,10.61,73,0,6.28,AU,1622047324
Aktau,43.65,51.2,19.32,87,100,10.45,KZ,1622047907
Saint George,37.1041,-113.5841,28.81,13,1,0.45,US,1622047907
Kamaishi,39.2667,141.8833,12.01,77,99,2.48,JP,1622047907
Monte Santo,-10.4378,-39.3328,28.11,49,54,4.84,BR,1622047908
Puri,19.8,85.85,28.29,75,100,9.28,IN,1622047350
Imuris,30.7833,-110.8667,28.56,11,94,4.43,MX,1622047908
Biak,-0.9131,122.8766,24.93,82,49,2.07,ID,1622047909
Amapá,1.0,-52.0,29.95,63,32,2.39,BR,1622047909
Vinnytsia,49.2328,28.481,17.36,77,0,0.0,UA,1622047909
Acajutla,13.5928,-89.8275,32.19,58,70,2.73,SV,1622047788
Igarka,67.4667,86.5833,-3.13,91,52,3.32,RU,1622047910
Whitehorse,60.7161,-135.0538,6.08,75,90,0.0,CA,1622047910
Namwala,-15.7504,26.4384,16.79,37,0,1.3,ZM,1622047910
Berlevåg,70.8578,29.0864,3.97,65,75,1.03,NO,1622047911
Wewak,-3.5534,143.6268,26.46,83,99,1.83,PG,1622047911
Swellendam,-34.0226,20.4417,14.21,72,71,1.6,ZA,1622047911
Lizzano,40.391,17.4476,24.89,54,1,3.77,IT,1622047912
Celestún,20.8667,-90.4,31.21,59,74,2.45,MX,1622047912
Tromsø,69.6496,18.957,9.01,53,0,7.2,NO,1622047912
Cotonou,6.3654,2.4183,30.99,74,40,6.17,BJ,1622047373
Los Llanos de Aridane,28.6585,-17.9182,18.96,76,20,5.97,ES,1622047913
Mareeba,-17.0,145.4333,16.91,92,95,0.98,AU,1622047325
Aberdeen,57.1437,-2.0981,11.06,78,75,8.23,GB,1622047913
Kununurra,-15.7667,128.7333,21.99,83,75,1.54,AU,1622047914
Ko Samui,9.5357,99.9357,27.94,75,100,6.05,TH,1622047914
Aleksinac,43.5417,21.7078,22.16,75,21,1.46,RS,1622047914
Veere,51.5483,3.6667,12.78,82,75,2.68,NL,1622047915
Yinchuan,38.4681,106.2731,19.57,14,0,2.62,CN,1622047331
Farmington,36.7281,-108.2187,19.59,18,1,3.09,US,1622047915
Taoudenni,22.6783,-3.9836,35.17,23,100,6.91,ML,1622047915
Vao,-22.6667,167.4833,21.86,69,48,5.3,NC,1622047916
Umluj,25.0213,37.2685,29.57,56,0,3.13,SA,1622047916
Hammerfest,70.6634,23.6821,6.25,56,0,2.57,NO,1622047916
Rawson,-43.3002,-65.1023,13.8,52,59,10.16,AR,1622047339
Bongandanga,1.5,21.05,25.48,70,98,0.62,CD,1622047917
Dubbo,-32.25,148.6167,5.07,87,1,3.6,AU,1622047917
Makat,47.6469,53.3463,26.5,39,86,9.27,KZ,1622047917
Alakurtti,66.9672,30.3491,9.24,58,99,2.73,RU,1622047918
Oranjemund,-28.55,16.4333,14.5,85,46,2.56,NA,1622047918
Kumul,42.8,93.45,26.9,13,0,2.83,CN,1622047750
Tiznit Province,29.5833,-9.5,20.05,61,0,4.48,MA,1622047919
Crossville,35.949,-85.0269,26.65,45,40,3.58,US,1622047841
Bowling Green,36.9903,-86.4436,23.96,73,90,4.12,US,1622047919
Mount Gambier,-37.8333,140.7667,8.95,93,40,3.09,AU,1622047919
Moerai,-22.4333,-151.3333,24.86,78,56,6.27,PF,1622047920
Tupang,17.9216,121.6416,25.81,85,10,0.19,PH,1622047920
Fort Nelson,58.8053,-122.7002,6.77,76,90,2.57,CA,1622047920
Mabaruma,8.2,-59.7833,23.41,99,100,1.57,GY,1622047921
Marawi,7.9986,124.2928,19.25,94,94,0.45,PH,1622047921
Rincon,32.296,-81.2354,30.41,53,75,0.45,US,1622047921
Galich,58.3797,42.3475,11.37,69,18,2.84,RU,1622047922
Yako,12.9667,-2.2667,40.24,18,94,2.08,BF,1622047922
Tawao,4.2498,117.8871,24.96,100,47,0.89,MY,1622047922
Saint-Pierre,-21.3393,55.4781,22.09,87,75,3.6,RE,1622047923
Yar-Sale,66.8333,70.8333,2.01,64,48,6.33,RU,1622047923
Kutum,14.2,24.6667,25.67,39,77,4.77,SD,1622047360
Mehamn,71.0357,27.8492,3.95,61,56,1.29,NO,1622047924
Tahoua,14.8888,5.2692,41.99,12,20,1.03,NE,1622047924
Lokosovo,61.1333,74.8167,8.64,89,100,8.28,RU,1622047924
Shirokiy,49.758,129.523,6.37,92,20,2.43,RU,1622047924
Forio,40.7342,13.8646,20.2,76,1,3.58,IT,1622047925
Zhigansk,66.7697,123.3711,9.38,61,93,3.17,RU,1622047356
Diamantino,-14.4086,-56.4461,33.37,41,5,0.19,BR,1622047874
Gīdolē,5.65,37.3667,14.23,75,51,1.96,ET,1622047926
Oga,46.4631,10.347,12.84,96,99,1.82,IT,1622047331
Taltal,-25.4,-70.4833,20.46,60,89,1.07,CL,1622047691
Iralaya,15.0,-83.2333,29.23,69,86,7.13,HN,1622047926
Souillac,-20.5167,57.5167,23.21,94,75,2.51,MU,1622047927
San Patricio,28.017,-97.5169,29.51,67,11,7.08,US,1622047927
Mayo,38.8876,-76.5119,29.74,73,64,0.89,US,1622047927
Melo,-32.3667,-54.1833,17.64,55,8,3.38,UY,1622047928
Inírida,3.8653,-67.9239,24.83,88,100,0.43,CO,1622047928
Waitati,-45.75,170.5667,7.11,47,3,1.93,NZ,1622047928
Shaoxing,30.011,120.5715,21.97,97,100,0.92,CN,1622047929
Talaya,61.3833,152.75,2.29,92,100,2.72,RU,1622047929
Kangaatsiaq,68.3065,-53.4641,2.87,83,98,6.9,GL,1622047929
São Félix do Xingu,-6.6447,-51.995,33.77,35,5,2.56,BR,1622047930
Hofn,64.2539,-15.2082,10.01,62,20,6.69,IS,1622047930
San Quintín,30.4833,-115.95,19.92,61,33,3.59,MX,1622047930
Jintūr,19.6167,76.7,34.38,25,97,8.36,IN,1622047931
Dire Dawa,9.5931,41.8661,25.01,42,94,3.71,ET,1622047931
Ban Nahin,18.2418,104.2122,25.25,93,70,1.2,LA,1622047931
Baddomalhi,31.9928,74.6683,29.31,12,0,2.92,PK,1622047932
Fairbanks,64.8378,-147.7164,9.18,61,1,1.54,US,1622047760
Mitú,1.1983,-70.1733,24.17,94,99,0.34,CO,1622047704
Slyudyanka,51.6594,103.7061,6.97,92,98,2.58,RU,1622047932
Mamakan,57.8161,114.0028,5.32,73,55,0.51,RU,1622047933
Vila,42.0304,-8.1588,20.59,41,56,2.74,PT,1622047925
Khatanga,71.9667,102.5,-1.82,96,100,4.65,RU,1622047933
Zinder,13.8072,8.9881,40.98,21,20,2.06,NE,1622047933
Iglesias,39.3114,8.535,20.85,38,64,2.57,IT,1622047934
Gamboula,4.1178,15.1393,22.4,92,88,1.88,CF,1622047934
Makkah al Mukarramah,21.4267,39.8261,33.59,33,5,2.03,SA,1622047646
Padang,-0.9492,100.3543,26.75,87,92,1.99,ID,1622047935
Trat,12.5,102.5,27.66,98,100,1.65,TH,1622047935
Genhe,50.7833,121.5167,2.69,98,80,1.23,CN,1622047936
Harper,4.375,-7.7169,28.47,74,60,3.98,LR,1622047364
Xining,36.6167,101.7667,12.82,39,85,0.42,CN,1622047936
Mwinilunga,-11.7358,24.4293,15.64,53,0,2.14,ZM,1622047356
Nanning,22.8167,108.3167,27.25,80,35,2.14,CN,1622047937
Yining,29.0361,114.5636,18.59,97,99,1.44,CN,1622047937
Katherine,-14.4667,132.2667,19.18,63,46,2.67,AU,1622047937
Puerto Escondido,15.85,-97.0667,31.75,56,91,2.23,MX,1622047797
Cedar City,37.6775,-113.0619,21.85,13,1,5.14,US,1622047813
Bolshoy Lug,52.0779,104.0919,7.1,93,66,2.25,RU,1622047938
Comodoro Rivadavia,-45.8667,-67.5,8.92,71,40,4.12,AR,1622047714
Pozoblanco,38.3791,-4.8483,28.32,20,63,2.82,ES,1622047938
Hong Kong,22.2855,114.1577,29.27,83,68,0.45,HK,1622047682
Miandrivazo,-19.5167,45.4667,21.58,69,45,1.53,MG,1622047353
Benguela,-12.5763,13.4055,25.65,71,0,1.61,AO,1622047939
Kahului,20.8947,-156.47,22.56,82,40,2.06,US,1622047939
Gobabis,-22.45,18.9667,16.53,26,0,4.28,NA,1622047940
Kiryat Gat,31.61,34.7642,26.83,46,0,3.76,IL,1622047341
Tiarei,-17.5333,-149.3333,24.01,76,21,4.1,PF,1622047940
Ramanathapuram,9.3833,78.8333,28.3,70,100,8.34,IN,1622047924
Ampanihy,-24.7,44.75,20.07,69,2,2.58,MG,1622047940
North Bend,43.4065,-124.2243,12.46,87,40,1.54,US,1622047941
Malanje,-9.5402,16.341,19.16,49,11,1.21,AO,1622047361
Kenai,60.5544,-151.2583,9.03,69,1,5.66,US,1622047941
Wanning,18.8003,110.3967,27.7,86,76,4.9,CN,1622047374
Cochrane,51.1834,-114.4687,8.62,90,90,3.56,CA,1622047924
Camaná,-16.6228,-72.7111,20.35,74,96,2.28,PE,1622047942
Nome,64.5011,-165.4064,12.04,26,1,5.14,US,1622047686
Matara,5.9485,80.5353,26.6,85,87,7.68,LK,1622047942
Hargeisa,9.56,44.065,24.04,51,100,7.38,SO,1622047778
Along,28.1667,94.7667,23.23,97,98,0.47,IN,1622047943
Røros,62.5747,11.3842,12.91,38,0,7.2,NO,1622047366
Hobro,56.6431,9.7903,10.51,89,98,2.68,DK,1622047943
Urzhum,57.1141,49.9996,9.18,80,51,3.4,RU,1622047943
Shimoda,34.6667,138.95,17.28,77,100,4.39,JP,1622047944
Havre-St-Pierre,50.2334,-63.5986,5.2,100,90,8.75,CA,1622047944
Kloulklubed,7.0419,134.2556,25.28,77,100,5.15,PW,1622047944
City of San Pedro,14.35,121.0167,28.81,78,75,1.96,PH,1622047945
NEDJO,9.5046,35.5019,18.93,65,67,1.5,ET,1622047945
Roald,62.5833,6.1333,17.44,76,56,12.85,NO,1622047945
Cartagena del Chairá,1.3349,-74.8429,22.21,97,100,1.0,CO,1622047946
Luanda,-8.8368,13.2343,27.0,83,0,4.63,AO,1622047346
Khāsh,28.2211,61.2158,29.22,17,87,1.98,IR,1622047357
Zwedru,6.0667,-8.1281,27.62,81,89,2.45,LR,1622047946
Balyqshy,47.0667,51.8667,31.0,19,40,4.0,KZ,1622047706
Grandview,38.8858,-94.533,25.84,71,1,0.45,US,1622047826
Palāsa,18.7667,84.4167,29.38,51,100,2.72,IN,1622047947
Loveland,40.3978,-105.075,18.55,58,1,3.13,US,1622047848
Tautira,-17.7333,-149.15,24.01,76,30,3.76,PF,1622047947
Selizharovo,56.8519,33.4487,11.17,91,99,2.85,RU,1622047947
Makakilo City,21.3469,-158.0858,21.33,81,1,2.06,US,1622047948
Sabzawār,36.2126,57.6819,24.79,35,100,10.36,IR,1622047948
Botou,38.0667,116.5667,18.47,50,1,2.81,CN,1622047948
Khovd,48.0056,91.6419,18.08,34,25,1.39,MN,1622047949
Shellbrook,53.2168,-106.4011,5.57,46,88,3.65,CA,1622047949
Mackay,-21.15,149.2,15.02,94,9,1.54,AU,1622047949
Half Moon Bay,37.4636,-122.4286,17.12,67,20,0.45,US,1622047950
Launceston,-41.45,147.1667,6.98,89,51,0.89,AU,1622047828
Xingcheng,40.6167,120.7167,13.51,66,58,2.38,CN,1622047950
Ugoofaaru,5.6667,73.0,26.75,85,100,11.87,MV,1622047950
Severomuysk,56.1481,113.4267,-1.31,73,23,0.63,RU,1622047951
Yangi Marg`ilon,40.4272,71.7189,23.68,32,56,2.97,UZ,1622047951
Prattville,32.464,-86.4597,28.66,50,1,3.09,US,1622047951
San Fernando del Valle de Catamarca,-28.4696,-65.7852,21.91,54,21,0.89,AR,1622047952
Ruteng,-8.6136,120.4721,16.69,92,74,0.64,ID,1622047952
Shenjiamen,29.9576,122.298,19.34,98,100,4.05,CN,1622047952
Aasiaat,68.7098,-52.8699,3.28,81,98,3.39,GL,1622047894
Gurkovo,42.6667,25.8,20.5,84,97,1.91,BG,1622047953
Abéché,13.8292,20.8324,34.64,8,1,3.2,TD,1622047371
Preobrazheniye,42.9019,133.9064,9.75,87,100,1.09,RU,1622047953
Kemin,42.7846,75.6892,16.27,77,99,1.86,KG,1622047954
Raudeberg,61.9875,5.1352,17.37,76,95,6.97,NO,1622047954
Merauke,-8.4667,140.3333,23.61,89,92,4.77,ID,1622047954
Atasū,48.6814,71.6433,24.81,29,71,3.47,KZ,1622047954
Provincia di Cremona,45.2333,9.9333,22.44,38,1,0.68,IT,1622047955
Mount Isa,-20.7333,139.5,16.87,27,0,8.23,AU,1622047955
Graham,47.0529,-122.2943,12.3,73,90,0.45,US,1622047817
Jiangyou,31.7667,104.7167,19.62,79,100,1.27,CN,1622047956
Constitución,-35.3333,-72.4167,17.56,67,5,3.92,CL,1622047956
Ambilobe,-13.2,49.05,21.55,84,5,1.32,MG,1622047957
Faanui,-16.4833,-151.75,27.36,75,55,6.54,PF,1622047957
Malinovoye Ozero,51.6753,79.7825,27.25,23,3,2.2,RU,1622047957
Nuuk,64.1835,-51.7216,4.93,65,100,4.47,GL,1622047958
La Paz,-16.5,-68.15,14.99,47,40,1.54,BO,1622047791
Tucuruí,-3.7661,-49.6725,31.8,55,24,1.72,BR,1622047958
Imbituba,-28.24,-48.6703,20.94,57,1,2.27,BR,1622047958
Suez,29.9737,32.5263,28.24,29,0,6.32,EG,1622047959
Huntsville,34.7304,-86.5861,28.53,55,1,0.45,US,1622047836
Cabo San Lucas,22.8909,-109.9124,32.28,48,53,3.82,MX,1622047805
Desdunes,19.2955,-72.646,31.74,52,2,1.1,HT,1622047959
Bulgan,48.8125,103.5347,7.19,83,100,2.31,MN,1622047960
Acaraú,-2.8856,-40.12,30.7,57,52,6.0,BR,1622047960
Assiut,27.181,31.1837,38.1,11,0,4.99,EG,1622047344
Satānā,20.5833,74.2,26.52,57,98,5.18,IN,1622047960
Tura,25.5198,90.2201,22.26,91,82,2.35,IN,1622047961
São Pedro do Sul,-29.6206,-54.1789,19.36,42,0,0.42,BR,1622047928
Samaná,19.2056,-69.3369,30.12,79,20,3.09,DO,1622047961
Porto Belo,-27.1578,-48.5531,20.67,62,35,2.71,BR,1622047962
Eraclea,45.5806,12.6756,20.85,65,5,1.73,IT,1622047962
Ol'ga,43.7444,135.2892,8.16,71,94,1.63,RU,1622047962
Sarangani,5.4033,125.4636,28.3,78,93,6.47,PH,1622047963
Sunland Park,31.7965,-106.58,28.88,20,1,0.89,US,1622047963
Yeppoon,-23.1333,150.7333,11.88,81,1,1.36,AU,1622047963
Goianésia,-15.3175,-49.1175,33.52,28,9,1.66,BR,1622047964
Antalaha,-14.9003,50.2788,22.43,83,24,3.74,MG,1622047964
Onega,63.9061,38.1404,6.72,54,47,2.42,RU,1622047964
Rundu,-17.9333,19.7667,18.13,35,0,2.33,NA,1622047965
Brae,60.3964,-1.353,9.95,83,100,9.11,GB,1622047965
Ankang,32.68,109.0172,18.54,82,100,0.68,CN,1622047965
Zhoucheng,35.9122,116.3117,20.01,62,0,1.11,CN,1622047965
Vanimo,-2.6741,141.3028,25.21,90,90,2.45,PG,1622047966
Jaciara,-15.9653,-54.9683,33.28,39,6,0.73,BR,1622047966
Verkhnevilyuysk,63.4453,120.3167,6.32,88,91,1.69,RU,1622047966
Lahaina,20.8783,-156.6825,23.03,83,36,3.1,US,1622047967
Superior,46.7208,-92.1041,10.67,55,75,7.72,US,1622047967
Huilong,31.8111,121.655,19.99,94,100,4.64,CN,1622047967
